state,county,quantity,total_cost,year,ship_date,federal_supply_category_name,recode
MA,HAMPDEN,1,1278,2006,11/28/06,WEAPONS,1
MA,MIDDLESEX,1,1278,2006,11/28/06,WEAPONS,1
MA,MIDDLESEX,1,1278,2006,11/28/06,WEAPONS,1
MA,HAMPDEN,1,720,2006,11/28/06,WEAPONS,1
MA,HAMPDEN,1,720,2006,11/28/06,WEAPONS,1
MA,BARNSTABLE,1,499,2006,11/28/06,WEAPONS,1
MA,BARNSTABLE,1,499,2006,11/28/06,WEAPONS,1
MA,BARNSTABLE,1,499,2006,11/28/06,WEAPONS,1
MA,BARNSTABLE,1,499,2006,11/28/06,WEAPONS,1
MA,BARNSTABLE,1,499,2006,11/28/06,WEAPONS,1
MA,BARNSTABLE,1,499,2006,11/28/06,WEAPONS,1
MA,BARNSTABLE,1,499,2006,11/28/06,WEAPONS,1
MA,BARNSTABLE,1,499,2006,11/28/06,WEAPONS,1
MA,BRISTOL,1,499,2006,5/3/06,WEAPONS,1
MA,BRISTOL,1,499,2006,5/3/06,WEAPONS,1
MA,BRISTOL,1,499,2006,5/3/06,WEAPONS,1
MA,BRISTOL,1,499,2006,8/4/06,WEAPONS,1
MA,BRISTOL,1,499,2006,8/4/06,WEAPONS,1
MA,BRISTOL,1,499,2006,8/4/06,WEAPONS,1
MA,BRISTOL,1,499,2006,8/4/06,WEAPONS,1
MA,BRISTOL,1,499,2006,8/4/06,WEAPONS,1
MA,BRISTOL,1,499,2006,8/4/06,WEAPONS,1
MA,BRISTOL,1,499,2006,11/28/06,WEAPONS,1
MA,BRISTOL,1,499,2006,11/28/06,WEAPONS,1
MA,BRISTOL,1,499,2006,11/28/06,WEAPONS,1
MA,BRISTOL,1,499,2006,11/28/06,WEAPONS,1
MA,BRISTOL,1,499,2006,11/28/06,WEAPONS,1
MA,ESSEX,1,499,2006,11/28/06,WEAPONS,1
MA,ESSEX,1,499,2006,11/28/06,WEAPONS,1
MA,ESSEX,1,499,2006,11/28/06,WEAPONS,1
MA,ESSEX,1,499,2006,11/28/06,WEAPONS,1
MA,ESSEX,1,499,2006,11/28/06,WEAPONS,1
MA,ESSEX,1,499,2006,11/28/06,WEAPONS,1
MA,ESSEX,1,499,2006,11/28/06,WEAPONS,1
MA,ESSEX,1,499,2006,11/28/06,WEAPONS,1
MA,ESSEX,1,499,2006,11/28/06,WEAPONS,1
MA,ESSEX,1,499,2006,11/28/06,WEAPONS,1
MA,ESSEX,1,499,2006,11/28/06,WEAPONS,1
MA,ESSEX,1,499,2006,11/28/06,WEAPONS,1
MA,ESSEX,1,499,2006,11/28/06,WEAPONS,1
MA,ESSEX,1,499,2006,11/28/06,WEAPONS,1
MA,ESSEX,1,499,2006,11/28/06,WEAPONS,1
MA,HAMPDEN,1,499,2006,9/12/06,WEAPONS,1
MA,HAMPDEN,1,499,2006,9/12/06,WEAPONS,1
MA,HAMPDEN,1,499,2006,9/12/06,WEAPONS,1
MA,HAMPDEN,1,499,2006,9/12/06,WEAPONS,1
MA,HAMPDEN,1,499,2006,9/12/06,WEAPONS,1
MA,HAMPDEN,1,499,2006,9/12/06,WEAPONS,1
MA,HAMPDEN,1,499,2006,9/12/06,WEAPONS,1
MA,HAMPDEN,1,499,2006,9/12/06,WEAPONS,1
MA,HAMPDEN,1,499,2006,9/12/06,WEAPONS,1
MA,HAMPDEN,1,499,2006,9/12/06,WEAPONS,1
MA,HAMPDEN,1,499,2006,9/12/06,WEAPONS,1
MA,HAMPDEN,1,499,2006,9/12/06,WEAPONS,1
MA,HAMPDEN,1,499,2006,9/12/06,WEAPONS,1
MA,HAMPDEN,1,499,2006,9/12/06,WEAPONS,1
MA,HAMPDEN,1,499,2006,9/12/06,WEAPONS,1
MA,HAMPDEN,1,499,2006,9/12/06,WEAPONS,1
MA,HAMPDEN,1,499,2006,9/12/06,WEAPONS,1
MA,HAMPDEN,1,499,2006,9/12/06,WEAPONS,1
MA,HAMPDEN,1,499,2006,9/12/06,WEAPONS,1
MA,HAMPDEN,1,499,2006,11/28/06,WEAPONS,1
MA,HAMPDEN,1,499,2006,11/28/06,WEAPONS,1
MA,HAMPDEN,1,499,2006,11/28/06,WEAPONS,1
MA,HAMPSHIRE,1,499,2006,9/12/06,WEAPONS,1
MA,HAMPSHIRE,1,499,2006,9/12/06,WEAPONS,1
MA,HAMPSHIRE,1,499,2006,9/12/06,WEAPONS,1
MA,HAMPSHIRE,1,499,2006,9/12/06,WEAPONS,1
MA,MIDDLESEX,1,499,2006,3/13/06,WEAPONS,1
MA,MIDDLESEX,1,499,2006,3/13/06,WEAPONS,1
MA,MIDDLESEX,1,499,2006,3/13/06,WEAPONS,1
MA,MIDDLESEX,1,499,2006,3/13/06,WEAPONS,1
MA,MIDDLESEX,1,499,2006,3/13/06,WEAPONS,1
MA,MIDDLESEX,1,499,2006,3/13/06,WEAPONS,1
MA,MIDDLESEX,1,499,2006,3/13/06,WEAPONS,1
MA,MIDDLESEX,1,499,2006,3/13/06,WEAPONS,1
MA,MIDDLESEX,1,499,2006,3/13/06,WEAPONS,1
MA,MIDDLESEX,1,499,2006,3/13/06,WEAPONS,1
MA,MIDDLESEX,1,499,2006,3/13/06,WEAPONS,1
MA,MIDDLESEX,1,499,2006,3/13/06,WEAPONS,1
MA,MIDDLESEX,1,499,2006,3/13/06,WEAPONS,1
MA,MIDDLESEX,1,499,2006,3/13/06,WEAPONS,1
MA,MIDDLESEX,1,499,2006,3/13/06,WEAPONS,1
MA,MIDDLESEX,1,499,2006,3/13/06,WEAPONS,1
MA,MIDDLESEX,1,499,2006,3/13/06,WEAPONS,1
MA,MIDDLESEX,1,499,2006,3/13/06,WEAPONS,1
MA,MIDDLESEX,1,499,2006,3/13/06,WEAPONS,1
MA,MIDDLESEX,1,499,2006,3/13/06,WEAPONS,1
MA,MIDDLESEX,1,499,2006,11/28/06,WEAPONS,1
MA,MIDDLESEX,1,499,2006,11/28/06,WEAPONS,1
MA,MIDDLESEX,1,499,2006,11/28/06,WEAPONS,1
MA,MIDDLESEX,1,499,2006,11/28/06,WEAPONS,1
MA,MIDDLESEX,1,499,2006,11/28/06,WEAPONS,1
MA,MIDDLESEX,1,499,2006,11/28/06,WEAPONS,1
MA,MIDDLESEX,1,499,2006,11/28/06,WEAPONS,1
MA,MIDDLESEX,1,499,2006,11/28/06,WEAPONS,1
MA,MIDDLESEX,1,499,2006,11/28/06,WEAPONS,1
MA,MIDDLESEX,1,499,2006,11/28/06,WEAPONS,1
MA,MIDDLESEX,1,499,2006,11/28/06,WEAPONS,1
MA,MIDDLESEX,1,499,2006,11/28/06,WEAPONS,1
MA,MIDDLESEX,1,499,2006,11/28/06,WEAPONS,1
MA,MIDDLESEX,1,499,2006,11/28/06,WEAPONS,1
MA,MIDDLESEX,1,499,2006,11/28/06,WEAPONS,1
MA,MIDDLESEX,1,499,2006,11/28/06,WEAPONS,1
MA,MIDDLESEX,1,499,2006,11/28/06,WEAPONS,1
MA,MIDDLESEX,1,499,2006,11/28/06,WEAPONS,1
MA,MIDDLESEX,1,499,2006,11/28/06,WEAPONS,1
MA,MIDDLESEX,1,499,2006,11/28/06,WEAPONS,1
MA,MIDDLESEX,1,499,2006,11/28/06,WEAPONS,1
MA,MIDDLESEX,1,499,2006,11/28/06,WEAPONS,1
MA,MIDDLESEX,1,499,2006,11/28/06,WEAPONS,1
MA,MIDDLESEX,1,499,2006,11/28/06,WEAPONS,1
MA,MIDDLESEX,1,499,2006,11/28/06,WEAPONS,1
MA,MIDDLESEX,1,499,2006,11/28/06,WEAPONS,1
MA,MIDDLESEX,1,499,2006,11/28/06,WEAPONS,1
MA,MIDDLESEX,1,499,2006,11/28/06,WEAPONS,1
MA,MIDDLESEX,1,499,2006,11/28/06,WEAPONS,1
MA,MIDDLESEX,1,499,2006,11/28/06,WEAPONS,1
MA,MIDDLESEX,1,499,2006,11/28/06,WEAPONS,1
MA,MIDDLESEX,1,499,2006,11/28/06,WEAPONS,1
MA,MIDDLESEX,1,499,2006,11/28/06,WEAPONS,1
MA,MIDDLESEX,1,499,2006,11/28/06,WEAPONS,1
MA,MIDDLESEX,1,499,2006,11/28/06,WEAPONS,1
MA,MIDDLESEX,1,499,2006,11/28/06,WEAPONS,1
MA,MIDDLESEX,1,499,2006,11/28/06,WEAPONS,1
MA,MIDDLESEX,1,499,2006,11/28/06,WEAPONS,1
MA,MIDDLESEX,1,499,2006,11/28/06,WEAPONS,1
MA,MIDDLESEX,1,499,2006,11/28/06,WEAPONS,1
MA,MIDDLESEX,1,499,2006,11/28/06,WEAPONS,1
MA,MIDDLESEX,1,499,2006,11/28/06,WEAPONS,1
MA,MIDDLESEX,1,499,2006,11/28/06,WEAPONS,1
MA,MIDDLESEX,1,499,2006,11/28/06,WEAPONS,1
MA,MIDDLESEX,1,499,2006,11/28/06,WEAPONS,1
MA,MIDDLESEX,1,499,2006,11/28/06,WEAPONS,1
MA,MIDDLESEX,1,499,2006,11/28/06,WEAPONS,1
MA,MIDDLESEX,1,499,2006,11/28/06,WEAPONS,1
MA,MIDDLESEX,1,499,2006,11/28/06,WEAPONS,1
MA,MIDDLESEX,1,499,2006,11/28/06,WEAPONS,1
MA,NORFOLK,1,499,2006,3/13/06,WEAPONS,1
MA,NORFOLK,1,499,2006,3/13/06,WEAPONS,1
MA,NORFOLK,1,499,2006,3/13/06,WEAPONS,1
MA,NORFOLK,1,499,2006,3/13/06,WEAPONS,1
MA,NORFOLK,1,499,2006,3/13/06,WEAPONS,1
MA,NORFOLK,1,499,2006,3/13/06,WEAPONS,1
MA,NORFOLK,1,499,2006,3/13/06,WEAPONS,1
MA,NORFOLK,1,499,2006,3/13/06,WEAPONS,1
MA,NORFOLK,1,499,2006,3/13/06,WEAPONS,1
MA,NORFOLK,1,499,2006,3/13/06,WEAPONS,1
MA,PLYMOUTH,1,499,2006,3/20/06,WEAPONS,1
MA,PLYMOUTH,1,499,2006,3/20/06,WEAPONS,1
MA,PLYMOUTH,1,499,2006,3/20/06,WEAPONS,1
MA,PLYMOUTH,1,499,2006,3/20/06,WEAPONS,1
MA,PLYMOUTH,1,499,2006,3/20/06,WEAPONS,1
MA,PLYMOUTH,1,499,2006,3/20/06,WEAPONS,1
MA,PLYMOUTH,1,499,2006,3/20/06,WEAPONS,1
MA,PLYMOUTH,1,499,2006,3/20/06,WEAPONS,1
MA,PLYMOUTH,1,499,2006,3/20/06,WEAPONS,1
MA,PLYMOUTH,1,499,2006,3/20/06,WEAPONS,1
MA,PLYMOUTH,1,499,2006,11/28/06,WEAPONS,1
MA,PLYMOUTH,1,499,2006,11/28/06,WEAPONS,1
MA,PLYMOUTH,1,499,2006,11/28/06,WEAPONS,1
MA,PLYMOUTH,1,499,2006,11/28/06,WEAPONS,1
MA,PLYMOUTH,1,499,2006,11/28/06,WEAPONS,1
MA,PLYMOUTH,1,499,2006,11/28/06,WEAPONS,1
MA,PLYMOUTH,1,499,2006,11/28/06,WEAPONS,1
MA,PLYMOUTH,1,499,2006,11/28/06,WEAPONS,1
MA,PLYMOUTH,1,499,2006,11/28/06,WEAPONS,1
MA,PLYMOUTH,1,499,2006,11/28/06,WEAPONS,1
MA,PLYMOUTH,1,499,2006,11/28/06,WEAPONS,1
MA,PLYMOUTH,1,499,2006,11/28/06,WEAPONS,1
MA,PLYMOUTH,1,499,2006,11/28/06,WEAPONS,1
MA,PLYMOUTH,1,499,2006,11/28/06,WEAPONS,1
MA,PLYMOUTH,1,499,2006,11/28/06,WEAPONS,1
MA,PLYMOUTH,1,499,2006,11/28/06,WEAPONS,1
MA,PLYMOUTH,1,499,2006,11/28/06,WEAPONS,1
MA,PLYMOUTH,1,499,2006,11/28/06,WEAPONS,1
MA,PLYMOUTH,1,499,2006,11/28/06,WEAPONS,1
MA,PLYMOUTH,1,499,2006,11/28/06,WEAPONS,1
MA,SUFFOLK,1,499,2006,11/28/06,WEAPONS,1
MA,SUFFOLK,1,499,2006,11/28/06,WEAPONS,1
MA,SUFFOLK,1,499,2006,11/28/06,WEAPONS,1
MA,SUFFOLK,1,499,2006,11/28/06,WEAPONS,1
MA,WORCESTER,1,499,2006,8/4/06,WEAPONS,1
MA,WORCESTER,1,499,2006,8/4/06,WEAPONS,1
MA,WORCESTER,1,499,2006,8/4/06,WEAPONS,1
MA,WORCESTER,1,499,2006,8/4/06,WEAPONS,1
MA,WORCESTER,1,499,2006,9/12/06,WEAPONS,1
MA,WORCESTER,1,499,2006,9/12/06,WEAPONS,1
MA,WORCESTER,1,499,2006,9/12/06,WEAPONS,1
MA,WORCESTER,1,499,2006,9/12/06,WEAPONS,1
MA,WORCESTER,1,499,2006,9/12/06,WEAPONS,1
MA,WORCESTER,1,499,2006,9/12/06,WEAPONS,1
MA,WORCESTER,1,499,2006,9/12/06,WEAPONS,1
MA,WORCESTER,1,499,2006,9/12/06,WEAPONS,1
MA,WORCESTER,1,499,2006,9/12/06,WEAPONS,1
MA,WORCESTER,1,499,2006,9/12/06,WEAPONS,1
MA,WORCESTER,1,499,2006,9/12/06,WEAPONS,1
MA,WORCESTER,1,499,2006,9/12/06,WEAPONS,1
MA,WORCESTER,1,499,2006,9/12/06,WEAPONS,1
MA,WORCESTER,1,499,2006,9/12/06,WEAPONS,1
MA,WORCESTER,1,499,2006,9/12/06,WEAPONS,1
MA,WORCESTER,1,499,2006,9/12/06,WEAPONS,1
MA,WORCESTER,1,499,2006,9/12/06,WEAPONS,1
MA,WORCESTER,1,499,2006,9/12/06,WEAPONS,1
MA,WORCESTER,1,499,2006,9/12/06,WEAPONS,1
MA,WORCESTER,1,499,2006,9/12/06,WEAPONS,1
MA,WORCESTER,1,499,2006,9/12/06,WEAPONS,1
MA,WORCESTER,1,499,2006,9/12/06,WEAPONS,1
MA,WORCESTER,1,499,2006,9/12/06,WEAPONS,1
MA,WORCESTER,1,499,2006,9/12/06,WEAPONS,1
MA,WORCESTER,1,499,2006,9/12/06,WEAPONS,1
MA,WORCESTER,1,499,2006,9/12/06,WEAPONS,1
MA,WORCESTER,1,499,2006,9/12/06,WEAPONS,1
MA,WORCESTER,1,499,2006,9/12/06,WEAPONS,1
MA,WORCESTER,1,499,2006,9/12/06,WEAPONS,1
MA,WORCESTER,1,499,2006,9/12/06,WEAPONS,1
MA,WORCESTER,1,499,2006,9/12/06,WEAPONS,1
MA,WORCESTER,1,499,2006,9/12/06,WEAPONS,1
MA,WORCESTER,1,499,2006,9/12/06,WEAPONS,1
MA,WORCESTER,1,499,2006,9/12/06,WEAPONS,1
MA,WORCESTER,1,499,2006,9/12/06,WEAPONS,1
MA,WORCESTER,1,499,2006,9/12/06,WEAPONS,1
MA,WORCESTER,1,499,2006,9/12/06,WEAPONS,1
MA,WORCESTER,1,499,2006,9/12/06,WEAPONS,1
MA,WORCESTER,1,499,2006,9/12/06,WEAPONS,1
MA,WORCESTER,1,499,2006,9/12/06,WEAPONS,1
MA,WORCESTER,1,499,2006,11/28/06,WEAPONS,1
MA,WORCESTER,1,499,2006,11/28/06,WEAPONS,1
MA,WORCESTER,1,499,2006,11/28/06,WEAPONS,1
MA,WORCESTER,1,499,2006,11/28/06,WEAPONS,1
MA,WORCESTER,1,499,2006,11/28/06,WEAPONS,1
MA,WORCESTER,1,499,2006,11/28/06,WEAPONS,1
MA,WORCESTER,1,499,2006,11/28/06,WEAPONS,1
MA,WORCESTER,1,499,2006,11/28/06,WEAPONS,1
MA,WORCESTER,1,499,2006,11/28/06,WEAPONS,1
MA,WORCESTER,1,499,2006,11/28/06,WEAPONS,1
MA,WORCESTER,1,499,2006,11/28/06,WEAPONS,1
MA,WORCESTER,1,499,2006,11/28/06,WEAPONS,1
MA,WORCESTER,1,499,2006,11/28/06,WEAPONS,1
MA,WORCESTER,1,499,2006,11/28/06,WEAPONS,1
MA,WORCESTER,1,499,2006,11/28/06,WEAPONS,1
MA,WORCESTER,1,499,2006,11/28/06,WEAPONS,1
MA,WORCESTER,1,499,2006,11/28/06,WEAPONS,1
MA,WORCESTER,1,499,2006,11/28/06,WEAPONS,1
MA,WORCESTER,1,499,2006,11/28/06,WEAPONS,1
MA,WORCESTER,1,499,2006,11/28/06,WEAPONS,1
MA,WORCESTER,1,499,2006,11/28/06,WEAPONS,1
MA,WORCESTER,1,499,2006,11/28/06,WEAPONS,1
MA,WORCESTER,1,499,2006,11/28/06,WEAPONS,1
MA,WORCESTER,1,499,2006,11/28/06,WEAPONS,1
MA,WORCESTER,1,499,2006,11/28/06,WEAPONS,1
MA,BARNSTABLE,1,138,2006,11/28/06,WEAPONS,1
MA,BARNSTABLE,1,138,2006,11/28/06,WEAPONS,1
MA,BARNSTABLE,1,138,2006,11/28/06,WEAPONS,1
MA,BARNSTABLE,1,138,2006,11/28/06,WEAPONS,1
MA,BARNSTABLE,1,138,2006,11/28/06,WEAPONS,1
MA,BARNSTABLE,1,138,2006,11/28/06,WEAPONS,1
MA,BARNSTABLE,1,138,2006,11/28/06,WEAPONS,1
MA,BARNSTABLE,1,138,2006,11/28/06,WEAPONS,1
MA,BARNSTABLE,1,138,2006,11/28/06,WEAPONS,1
MA,BARNSTABLE,1,138,2006,11/28/06,WEAPONS,1
MA,BARNSTABLE,1,138,2006,11/28/06,WEAPONS,1
MA,BARNSTABLE,1,138,2006,11/28/06,WEAPONS,1
MA,BARNSTABLE,1,138,2006,11/28/06,WEAPONS,1
MA,BARNSTABLE,1,138,2006,11/28/06,WEAPONS,1
MA,BARNSTABLE,1,138,2006,11/28/06,WEAPONS,1
MA,BARNSTABLE,1,138,2006,11/28/06,WEAPONS,1
MA,BARNSTABLE,1,138,2006,11/28/06,WEAPONS,1
MA,BARNSTABLE,1,138,2006,11/28/06,WEAPONS,1
MA,BRISTOL,1,138,2006,11/28/06,WEAPONS,1
MA,BRISTOL,1,138,2006,11/28/06,WEAPONS,1
MA,BRISTOL,1,138,2006,11/28/06,WEAPONS,1
MA,BRISTOL,1,138,2006,11/28/06,WEAPONS,1
MA,BRISTOL,1,138,2006,11/28/06,WEAPONS,1
MA,BRISTOL,1,138,2006,11/28/06,WEAPONS,1
MA,BRISTOL,1,138,2006,11/28/06,WEAPONS,1
MA,BRISTOL,1,138,2006,11/28/06,WEAPONS,1
MA,BRISTOL,1,138,2006,11/28/06,WEAPONS,1
MA,BRISTOL,1,138,2006,11/28/06,WEAPONS,1
MA,BRISTOL,1,138,2006,11/28/06,WEAPONS,1
MA,BRISTOL,1,138,2006,11/28/06,WEAPONS,1
MA,BRISTOL,1,138,2006,11/28/06,WEAPONS,1
MA,BRISTOL,1,138,2006,11/28/06,WEAPONS,1
MA,BRISTOL,1,138,2006,11/28/06,WEAPONS,1
MA,BRISTOL,1,138,2006,11/28/06,WEAPONS,1
MA,ESSEX,1,138,2006,5/3/06,WEAPONS,1
MA,ESSEX,1,138,2006,5/3/06,WEAPONS,1
MA,ESSEX,1,138,2006,5/3/06,WEAPONS,1
MA,ESSEX,1,138,2006,5/3/06,WEAPONS,1
MA,ESSEX,1,138,2006,9/12/06,WEAPONS,1
MA,ESSEX,1,138,2006,11/28/06,WEAPONS,1
MA,ESSEX,1,138,2006,11/28/06,WEAPONS,1
MA,ESSEX,1,138,2006,11/28/06,WEAPONS,1
MA,ESSEX,1,138,2006,11/28/06,WEAPONS,1
MA,ESSEX,1,138,2006,11/28/06,WEAPONS,1
MA,ESSEX,1,138,2006,11/28/06,WEAPONS,1
MA,ESSEX,1,138,2006,11/28/06,WEAPONS,1
MA,ESSEX,1,138,2006,11/28/06,WEAPONS,1
MA,ESSEX,1,138,2006,11/28/06,WEAPONS,1
MA,ESSEX,1,138,2006,11/28/06,WEAPONS,1
MA,ESSEX,1,138,2006,11/28/06,WEAPONS,1
MA,ESSEX,1,138,2006,11/28/06,WEAPONS,1
MA,ESSEX,1,138,2006,11/28/06,WEAPONS,1
MA,ESSEX,1,138,2006,11/28/06,WEAPONS,1
MA,ESSEX,1,138,2006,11/28/06,WEAPONS,1
MA,ESSEX,1,138,2006,11/28/06,WEAPONS,1
MA,ESSEX,1,138,2006,11/28/06,WEAPONS,1
MA,ESSEX,1,138,2006,11/28/06,WEAPONS,1
MA,ESSEX,1,138,2006,11/28/06,WEAPONS,1
MA,ESSEX,1,138,2006,11/28/06,WEAPONS,1
MA,ESSEX,1,138,2006,11/28/06,WEAPONS,1
MA,ESSEX,1,138,2006,11/28/06,WEAPONS,1
MA,ESSEX,1,138,2006,11/28/06,WEAPONS,1
MA,ESSEX,1,138,2006,11/28/06,WEAPONS,1
MA,ESSEX,1,138,2006,11/28/06,WEAPONS,1
MA,ESSEX,1,138,2006,11/28/06,WEAPONS,1
MA,ESSEX,1,138,2006,11/28/06,WEAPONS,1
MA,ESSEX,1,138,2006,11/28/06,WEAPONS,1
MA,ESSEX,1,138,2006,11/28/06,WEAPONS,1
MA,ESSEX,1,138,2006,11/28/06,WEAPONS,1
MA,HAMPDEN,1,138,2006,9/12/06,WEAPONS,1
MA,HAMPDEN,1,138,2006,9/12/06,WEAPONS,1
MA,HAMPDEN,1,138,2006,9/12/06,WEAPONS,1
MA,HAMPDEN,1,138,2006,9/12/06,WEAPONS,1
MA,HAMPDEN,1,138,2006,9/12/06,WEAPONS,1
MA,HAMPDEN,1,138,2006,9/12/06,WEAPONS,1
MA,HAMPDEN,1,138,2006,9/12/06,WEAPONS,1
MA,HAMPDEN,1,138,2006,9/12/06,WEAPONS,1
MA,HAMPDEN,1,138,2006,9/12/06,WEAPONS,1
MA,HAMPDEN,1,138,2006,9/12/06,WEAPONS,1
MA,HAMPDEN,1,138,2006,9/12/06,WEAPONS,1
MA,HAMPDEN,1,138,2006,9/12/06,WEAPONS,1
MA,HAMPDEN,1,138,2006,9/12/06,WEAPONS,1
MA,HAMPDEN,1,138,2006,9/12/06,WEAPONS,1
MA,HAMPDEN,1,138,2006,9/12/06,WEAPONS,1
MA,HAMPDEN,1,138,2006,11/28/06,WEAPONS,1
MA,HAMPDEN,1,138,2006,11/28/06,WEAPONS,1
MA,HAMPDEN,1,138,2006,11/28/06,WEAPONS,1
MA,HAMPDEN,1,138,2006,11/28/06,WEAPONS,1
MA,HAMPDEN,1,138,2006,11/28/06,WEAPONS,1
MA,HAMPDEN,1,138,2006,11/28/06,WEAPONS,1
MA,HAMPDEN,1,138,2006,11/28/06,WEAPONS,1
MA,HAMPDEN,1,138,2006,11/28/06,WEAPONS,1
MA,HAMPDEN,1,138,2006,11/28/06,WEAPONS,1
MA,HAMPDEN,1,138,2006,11/28/06,WEAPONS,1
MA,HAMPDEN,1,138,2006,11/28/06,WEAPONS,1
MA,HAMPDEN,1,138,2006,11/28/06,WEAPONS,1
MA,HAMPDEN,1,138,2006,11/28/06,WEAPONS,1
MA,HAMPSHIRE,1,138,2006,11/28/06,WEAPONS,1
MA,HAMPSHIRE,1,138,2006,11/28/06,WEAPONS,1
MA,HAMPSHIRE,1,138,2006,11/28/06,WEAPONS,1
MA,HAMPSHIRE,1,138,2006,11/28/06,WEAPONS,1
MA,HAMPSHIRE,1,138,2006,11/28/06,WEAPONS,1
MA,HAMPSHIRE,1,138,2006,11/28/06,WEAPONS,1
MA,MIDDLESEX,1,138,2006,5/3/06,WEAPONS,1
MA,MIDDLESEX,1,138,2006,5/3/06,WEAPONS,1
MA,MIDDLESEX,1,138,2006,5/3/06,WEAPONS,1
MA,MIDDLESEX,1,138,2006,5/3/06,WEAPONS,1
MA,MIDDLESEX,1,138,2006,5/19/06,WEAPONS,1
MA,MIDDLESEX,1,138,2006,5/19/06,WEAPONS,1
MA,MIDDLESEX,1,138,2006,5/19/06,WEAPONS,1
MA,MIDDLESEX,1,138,2006,5/19/06,WEAPONS,1
MA,MIDDLESEX,1,138,2006,5/19/06,WEAPONS,1
MA,MIDDLESEX,1,138,2006,11/28/06,WEAPONS,1
MA,MIDDLESEX,1,138,2006,11/28/06,WEAPONS,1
MA,MIDDLESEX,1,138,2006,11/28/06,WEAPONS,1
MA,MIDDLESEX,1,138,2006,11/28/06,WEAPONS,1
MA,MIDDLESEX,1,138,2006,11/28/06,WEAPONS,1
MA,MIDDLESEX,1,138,2006,11/28/06,WEAPONS,1
MA,MIDDLESEX,1,138,2006,11/28/06,WEAPONS,1
MA,MIDDLESEX,1,138,2006,11/28/06,WEAPONS,1
MA,MIDDLESEX,1,138,2006,11/28/06,WEAPONS,1
MA,MIDDLESEX,1,138,2006,11/28/06,WEAPONS,1
MA,MIDDLESEX,1,138,2006,11/28/06,WEAPONS,1
MA,MIDDLESEX,1,138,2006,11/28/06,WEAPONS,1
MA,MIDDLESEX,1,138,2006,11/28/06,WEAPONS,1
MA,MIDDLESEX,1,138,2006,11/28/06,WEAPONS,1
MA,MIDDLESEX,1,138,2006,11/28/06,WEAPONS,1
MA,MIDDLESEX,1,138,2006,11/28/06,WEAPONS,1
MA,MIDDLESEX,1,138,2006,11/28/06,WEAPONS,1
MA,MIDDLESEX,1,138,2006,11/28/06,WEAPONS,1
MA,MIDDLESEX,1,138,2006,11/28/06,WEAPONS,1
MA,MIDDLESEX,1,138,2006,11/28/06,WEAPONS,1
MA,MIDDLESEX,1,138,2006,11/28/06,WEAPONS,1
MA,MIDDLESEX,1,138,2006,11/28/06,WEAPONS,1
MA,MIDDLESEX,1,138,2006,11/28/06,WEAPONS,1
MA,MIDDLESEX,1,138,2006,11/28/06,WEAPONS,1
MA,MIDDLESEX,1,138,2006,11/28/06,WEAPONS,1
MA,MIDDLESEX,1,138,2006,11/28/06,WEAPONS,1
MA,MIDDLESEX,1,138,2006,11/28/06,WEAPONS,1
MA,MIDDLESEX,1,138,2006,11/28/06,WEAPONS,1
MA,MIDDLESEX,1,138,2006,11/28/06,WEAPONS,1
MA,MIDDLESEX,1,138,2006,11/28/06,WEAPONS,1
MA,MIDDLESEX,1,138,2006,11/28/06,WEAPONS,1
MA,MIDDLESEX,1,138,2006,11/28/06,WEAPONS,1
MA,MIDDLESEX,1,138,2006,11/28/06,WEAPONS,1
MA,MIDDLESEX,1,138,2006,11/28/06,WEAPONS,1
MA,MIDDLESEX,1,138,2006,11/28/06,WEAPONS,1
MA,MIDDLESEX,1,138,2006,11/28/06,WEAPONS,1
MA,MIDDLESEX,1,138,2006,11/28/06,WEAPONS,1
MA,MIDDLESEX,1,138,2006,11/28/06,WEAPONS,1
MA,MIDDLESEX,1,138,2006,11/28/06,WEAPONS,1
MA,MIDDLESEX,1,138,2006,11/28/06,WEAPONS,1
MA,MIDDLESEX,1,138,2006,11/28/06,WEAPONS,1
MA,MIDDLESEX,1,138,2006,11/28/06,WEAPONS,1
MA,MIDDLESEX,1,138,2006,11/28/06,WEAPONS,1
MA,MIDDLESEX,1,138,2006,11/28/06,WEAPONS,1
MA,MIDDLESEX,1,138,2006,11/28/06,WEAPONS,1
MA,MIDDLESEX,1,138,2006,11/28/06,WEAPONS,1
MA,MIDDLESEX,1,138,2006,11/28/06,WEAPONS,1
MA,MIDDLESEX,1,138,2006,11/28/06,WEAPONS,1
MA,MIDDLESEX,1,138,2006,11/28/06,WEAPONS,1
MA,MIDDLESEX,1,138,2006,11/28/06,WEAPONS,1
MA,MIDDLESEX,1,138,2006,11/28/06,WEAPONS,1
MA,MIDDLESEX,1,138,2006,11/28/06,WEAPONS,1
MA,MIDDLESEX,1,138,2006,11/28/06,WEAPONS,1
MA,MIDDLESEX,1,138,2006,11/28/06,WEAPONS,1
MA,MIDDLESEX,1,138,2006,11/28/06,WEAPONS,1
MA,MIDDLESEX,1,138,2006,11/28/06,WEAPONS,1
MA,MIDDLESEX,1,138,2006,11/28/06,WEAPONS,1
MA,MIDDLESEX,1,138,2006,11/28/06,WEAPONS,1
MA,MIDDLESEX,1,138,2006,11/28/06,WEAPONS,1
MA,MIDDLESEX,1,138,2006,11/28/06,WEAPONS,1
MA,MIDDLESEX,1,138,2006,11/28/06,WEAPONS,1
MA,MIDDLESEX,1,138,2006,11/28/06,WEAPONS,1
MA,MIDDLESEX,1,138,2006,11/28/06,WEAPONS,1
MA,MIDDLESEX,1,138,2006,11/28/06,WEAPONS,1
MA,MIDDLESEX,1,138,2006,11/28/06,WEAPONS,1
MA,MIDDLESEX,1,138,2006,11/28/06,WEAPONS,1
MA,MIDDLESEX,1,138,2006,11/28/06,WEAPONS,1
MA,MIDDLESEX,1,138,2006,11/28/06,WEAPONS,1
MA,MIDDLESEX,1,138,2006,11/28/06,WEAPONS,1
MA,MIDDLESEX,1,138,2006,11/28/06,WEAPONS,1
MA,MIDDLESEX,1,138,2006,11/28/06,WEAPONS,1
MA,NORFOLK,1,138,2006,11/28/06,WEAPONS,1
MA,NORFOLK,1,138,2006,11/28/06,WEAPONS,1
MA,NORFOLK,1,138,2006,11/28/06,WEAPONS,1
MA,NORFOLK,1,138,2006,11/28/06,WEAPONS,1
MA,NORFOLK,1,138,2006,11/28/06,WEAPONS,1
MA,NORFOLK,1,138,2006,11/28/06,WEAPONS,1
MA,NORFOLK,1,138,2006,11/28/06,WEAPONS,1
MA,NORFOLK,1,138,2006,11/28/06,WEAPONS,1
MA,NORFOLK,1,138,2006,11/28/06,WEAPONS,1
MA,NORFOLK,1,138,2006,11/28/06,WEAPONS,1
MA,NORFOLK,1,138,2006,11/28/06,WEAPONS,1
MA,NORFOLK,1,138,2006,11/28/06,WEAPONS,1
MA,NORFOLK,1,138,2006,11/28/06,WEAPONS,1
MA,NORFOLK,1,138,2006,11/28/06,WEAPONS,1
MA,NORFOLK,1,138,2006,11/28/06,WEAPONS,1
MA,NORFOLK,1,138,2006,11/28/06,WEAPONS,1
MA,NORFOLK,1,138,2006,11/28/06,WEAPONS,1
MA,NORFOLK,1,138,2006,11/28/06,WEAPONS,1
MA,NORFOLK,1,138,2006,11/28/06,WEAPONS,1
MA,NORFOLK,1,138,2006,11/28/06,WEAPONS,1
MA,NORFOLK,1,138,2006,11/28/06,WEAPONS,1
MA,NORFOLK,1,138,2006,11/28/06,WEAPONS,1
MA,NORFOLK,1,138,2006,11/28/06,WEAPONS,1
MA,NORFOLK,1,138,2006,11/28/06,WEAPONS,1
MA,NORFOLK,1,138,2006,11/28/06,WEAPONS,1
MA,NORFOLK,1,138,2006,11/28/06,WEAPONS,1
MA,NORFOLK,1,138,2006,11/28/06,WEAPONS,1
MA,NORFOLK,1,138,2006,11/28/06,WEAPONS,1
MA,PLYMOUTH,1,138,2006,3/20/06,WEAPONS,1
MA,PLYMOUTH,1,138,2006,3/20/06,WEAPONS,1
MA,PLYMOUTH,1,138,2006,3/20/06,WEAPONS,1
MA,PLYMOUTH,1,138,2006,11/28/06,WEAPONS,1
MA,PLYMOUTH,1,138,2006,11/28/06,WEAPONS,1
MA,PLYMOUTH,1,138,2006,11/28/06,WEAPONS,1
MA,PLYMOUTH,1,138,2006,11/28/06,WEAPONS,1
MA,PLYMOUTH,1,138,2006,11/28/06,WEAPONS,1
MA,PLYMOUTH,1,138,2006,11/28/06,WEAPONS,1
MA,PLYMOUTH,1,138,2006,11/28/06,WEAPONS,1
MA,PLYMOUTH,1,138,2006,11/28/06,WEAPONS,1
MA,PLYMOUTH,1,138,2006,11/28/06,WEAPONS,1
MA,WORCESTER,1,138,2006,7/27/06,WEAPONS,1
MA,WORCESTER,1,138,2006,7/27/06,WEAPONS,1
MA,WORCESTER,1,138,2006,9/12/06,WEAPONS,1
MA,WORCESTER,1,138,2006,9/12/06,WEAPONS,1
MA,WORCESTER,1,138,2006,9/12/06,WEAPONS,1
MA,WORCESTER,1,138,2006,9/12/06,WEAPONS,1
MA,WORCESTER,1,138,2006,9/12/06,WEAPONS,1
MA,WORCESTER,1,138,2006,9/12/06,WEAPONS,1
MA,WORCESTER,1,138,2006,9/12/06,WEAPONS,1
MA,WORCESTER,1,138,2006,9/12/06,WEAPONS,1
MA,WORCESTER,1,138,2006,9/12/06,WEAPONS,1
MA,WORCESTER,1,138,2006,9/12/06,WEAPONS,1
MA,WORCESTER,1,138,2006,9/12/06,WEAPONS,1
MA,WORCESTER,1,138,2006,9/12/06,WEAPONS,1
MA,WORCESTER,1,138,2006,9/12/06,WEAPONS,1
MA,WORCESTER,1,138,2006,9/12/06,WEAPONS,1
MA,WORCESTER,1,138,2006,9/12/06,WEAPONS,1
MA,WORCESTER,1,138,2006,9/12/06,WEAPONS,1
MA,WORCESTER,1,138,2006,9/12/06,WEAPONS,1
MA,WORCESTER,1,138,2006,9/12/06,WEAPONS,1
MA,WORCESTER,1,138,2006,9/12/06,WEAPONS,1
MA,WORCESTER,1,138,2006,9/12/06,WEAPONS,1
MA,WORCESTER,1,138,2006,9/12/06,WEAPONS,1
MA,WORCESTER,1,138,2006,9/12/06,WEAPONS,1
MA,WORCESTER,1,138,2006,9/12/06,WEAPONS,1
MA,WORCESTER,1,138,2006,9/12/06,WEAPONS,1
MA,WORCESTER,1,138,2006,9/12/06,WEAPONS,1
MA,WORCESTER,1,138,2006,9/12/06,WEAPONS,1
MA,WORCESTER,1,138,2006,9/12/06,WEAPONS,1
MA,WORCESTER,1,138,2006,9/12/06,WEAPONS,1
MA,WORCESTER,1,138,2006,9/12/06,WEAPONS,1
MA,WORCESTER,1,138,2006,9/12/06,WEAPONS,1
MA,WORCESTER,1,138,2006,11/28/06,WEAPONS,1
MA,WORCESTER,1,138,2006,11/28/06,WEAPONS,1
MA,WORCESTER,1,138,2006,11/28/06,WEAPONS,1
MA,WORCESTER,1,138,2006,11/28/06,WEAPONS,1
MA,WORCESTER,1,138,2006,11/28/06,WEAPONS,1
MA,WORCESTER,1,138,2006,11/28/06,WEAPONS,1
MA,WORCESTER,1,138,2006,11/28/06,WEAPONS,1
MA,WORCESTER,1,138,2006,11/28/06,WEAPONS,1
MA,WORCESTER,1,138,2006,11/28/06,WEAPONS,1
MA,WORCESTER,1,138,2006,11/28/06,WEAPONS,1
MA,WORCESTER,1,138,2006,11/28/06,WEAPONS,1
MA,WORCESTER,1,138,2006,11/28/06,WEAPONS,1
MA,WORCESTER,1,138,2006,11/28/06,WEAPONS,1
MA,WORCESTER,1,138,2006,11/28/06,WEAPONS,1
MA,WORCESTER,1,138,2006,11/28/06,WEAPONS,1
MA,WORCESTER,1,138,2006,11/28/06,WEAPONS,1
MA,WORCESTER,1,138,2006,11/28/06,WEAPONS,1
MA,WORCESTER,1,138,2006,11/28/06,WEAPONS,1
MA,WORCESTER,1,138,2006,11/28/06,WEAPONS,1
MA,WORCESTER,1,138,2006,11/28/06,WEAPONS,1
MA,WORCESTER,1,138,2006,11/28/06,WEAPONS,1
MA,WORCESTER,1,138,2006,11/28/06,WEAPONS,1
MA,WORCESTER,1,138,2006,11/28/06,WEAPONS,1
MA,WORCESTER,1,138,2006,11/28/06,WEAPONS,1
MA,MIDDLESEX,1,108,2006,11/28/06,WEAPONS,1
MA,MIDDLESEX,1,108,2006,11/28/06,WEAPONS,1
MA,WORCESTER,1,58.71,2006,11/28/06,WEAPONS,1
MA,WORCESTER,1,58.71,2006,11/28/06,WEAPONS,1
MA,WORCESTER,1,58.71,2006,11/28/06,WEAPONS,1
MA,WORCESTER,1,58.71,2006,11/28/06,WEAPONS,1
MA,WORCESTER,1,58.71,2006,11/28/06,WEAPONS,1
MA,WORCESTER,1,58.71,2006,11/28/06,WEAPONS,1
MA,BARNSTABLE,1,0,2006,11/28/06,WEAPONS,1
MA,ESSEX,1,499,2007,7/9/07,WEAPONS,1
MA,ESSEX,1,499,2007,7/9/07,WEAPONS,1
MA,ESSEX,1,499,2007,7/9/07,WEAPONS,1
MA,ESSEX,1,499,2007,7/9/07,WEAPONS,1
MA,ESSEX,1,499,2007,7/9/07,WEAPONS,1
MA,ESSEX,1,499,2007,8/28/07,WEAPONS,1
MA,ESSEX,1,499,2007,8/28/07,WEAPONS,1
MA,ESSEX,1,499,2007,8/28/07,WEAPONS,1
MA,ESSEX,1,499,2007,8/28/07,WEAPONS,1
MA,ESSEX,1,499,2007,8/28/07,WEAPONS,1
MA,ESSEX,1,499,2007,8/28/07,WEAPONS,1
MA,NORFOLK,1,499,2007,8/28/07,WEAPONS,1
MA,NORFOLK,1,499,2007,8/28/07,WEAPONS,1
MA,NORFOLK,1,499,2007,8/28/07,WEAPONS,1
MA,WORCESTER,1,499,2007,8/28/07,WEAPONS,1
MA,WORCESTER,1,499,2007,8/28/07,WEAPONS,1
MA,WORCESTER,1,499,2007,9/12/07,WEAPONS,1
MA,WORCESTER,1,499,2007,9/12/07,WEAPONS,1
MA,ESSEX,1,138,2007,7/9/07,WEAPONS,1
MA,ESSEX,1,138,2007,7/9/07,WEAPONS,1
MA,NORFOLK,1,138,2007,7/10/07,WEAPONS,1
MA,NORFOLK,1,138,2007,7/10/07,WEAPONS,1
MA,NORFOLK,1,138,2007,7/10/07,WEAPONS,1
MA,NORFOLK,1,138,2007,7/10/07,WEAPONS,1
MA,NORFOLK,1,138,2007,7/10/07,WEAPONS,1
MA,NORFOLK,1,138,2007,7/10/07,WEAPONS,1
MA,NORFOLK,1,138,2007,7/10/07,WEAPONS,1
MA,NORFOLK,1,138,2007,7/10/07,WEAPONS,1
MA,BRISTOL,1,499,2008,7/29/08,WEAPONS,1
MA,BRISTOL,1,499,2008,7/29/08,WEAPONS,1
MA,BRISTOL,1,499,2008,7/29/08,WEAPONS,1
MA,BRISTOL,1,499,2008,7/29/08,WEAPONS,1
MA,BRISTOL,1,499,2008,7/29/08,WEAPONS,1
MA,BRISTOL,1,499,2008,7/29/08,WEAPONS,1
MA,PLYMOUTH,1,499,2008,4/10/08,WEAPONS,1
MA,PLYMOUTH,1,499,2008,4/10/08,WEAPONS,1
MA,PLYMOUTH,1,499,2008,4/10/08,WEAPONS,1
MA,PLYMOUTH,1,499,2008,4/10/08,WEAPONS,1
MA,PLYMOUTH,1,499,2008,4/10/08,WEAPONS,1
MA,PLYMOUTH,1,499,2008,4/10/08,WEAPONS,1
MA,SUFFOLK,1,499,2008,3/11/08,WEAPONS,1
MA,SUFFOLK,1,499,2008,3/11/08,WEAPONS,1
MA,SUFFOLK,1,499,2008,3/11/08,WEAPONS,1
MA,SUFFOLK,1,499,2008,3/11/08,WEAPONS,1
MA,SUFFOLK,1,499,2008,3/11/08,WEAPONS,1
MA,SUFFOLK,1,499,2008,3/11/08,WEAPONS,1
MA,SUFFOLK,1,499,2008,3/11/08,WEAPONS,1
MA,SUFFOLK,1,499,2008,3/11/08,WEAPONS,1
MA,SUFFOLK,1,499,2008,3/11/08,WEAPONS,1
MA,SUFFOLK,1,499,2008,3/11/08,WEAPONS,1
MA,SUFFOLK,1,499,2008,3/11/08,WEAPONS,1
MA,SUFFOLK,1,499,2008,3/11/08,WEAPONS,1
MA,SUFFOLK,1,499,2008,3/11/08,WEAPONS,1
MA,SUFFOLK,1,499,2008,3/11/08,WEAPONS,1
MA,SUFFOLK,1,499,2008,3/11/08,WEAPONS,1
MA,SUFFOLK,1,499,2008,3/11/08,WEAPONS,1
MA,SUFFOLK,1,499,2008,3/11/08,WEAPONS,1
MA,SUFFOLK,1,499,2008,3/11/08,WEAPONS,1
MA,SUFFOLK,1,499,2008,3/11/08,WEAPONS,1
MA,SUFFOLK,1,499,2008,3/11/08,WEAPONS,1
MA,MIDDLESEX,1,138,2008,3/11/08,WEAPONS,1
MA,MIDDLESEX,1,138,2008,3/11/08,WEAPONS,1
MA,SUFFOLK,1,138,2008,3/11/08,WEAPONS,1
MA,SUFFOLK,1,138,2008,3/11/08,WEAPONS,1
MA,SUFFOLK,1,138,2008,3/11/08,WEAPONS,1
MA,SUFFOLK,1,138,2008,3/11/08,WEAPONS,1
MA,WORCESTER,1,138,2008,4/10/08,WEAPONS,1
MA,PLYMOUTH,20,6560,2009,4/6/09,FIRE CONTROL EQPT.,1
MA,MIDDLESEX,8,2624,2009,2/24/09,FIRE CONTROL EQPT.,1
MA,MIDDLESEX,8,2624,2009,2/24/09,FIRE CONTROL EQPT.,1
MA,ESSEX,1,499,2009,3/30/09,WEAPONS,1
MA,ESSEX,1,499,2009,3/30/09,WEAPONS,1
MA,ESSEX,1,499,2009,3/30/09,WEAPONS,1
MA,ESSEX,1,499,2009,3/30/09,WEAPONS,1
MA,ESSEX,1,499,2009,3/30/09,WEAPONS,1
MA,ESSEX,1,499,2009,3/30/09,WEAPONS,1
MA,ESSEX,1,499,2009,3/30/09,WEAPONS,1
MA,ESSEX,1,499,2009,3/30/09,WEAPONS,1
MA,ESSEX,1,499,2009,3/30/09,WEAPONS,1
MA,ESSEX,1,499,2009,3/30/09,WEAPONS,1
MA,ESSEX,1,499,2009,3/30/09,WEAPONS,1
MA,ESSEX,1,499,2009,3/30/09,WEAPONS,1
MA,ESSEX,1,499,2009,3/30/09,WEAPONS,1
MA,ESSEX,1,499,2009,3/30/09,WEAPONS,1
MA,ESSEX,1,499,2009,3/30/09,WEAPONS,1
MA,ESSEX,1,499,2009,3/30/09,WEAPONS,1
MA,ESSEX,1,499,2009,3/30/09,WEAPONS,1
MA,ESSEX,1,499,2009,3/30/09,WEAPONS,1
MA,ESSEX,1,499,2009,3/30/09,WEAPONS,1
MA,ESSEX,1,499,2009,3/30/09,WEAPONS,1
MA,WORCESTER,1,499,2009,4/17/09,WEAPONS,1
MA,WORCESTER,1,499,2009,4/17/09,WEAPONS,1
MA,BRISTOL,50,465.5,2009,4/2/09,WEAPONS,1
MA,ESSEX,1,138,2009,3/23/09,WEAPONS,1
MA,ESSEX,1,138,2009,3/23/09,WEAPONS,1
MA,WORCESTER,1,138,2009,3/23/09,WEAPONS,1
MA,WORCESTER,1,72.1,2009,3/23/09,WEAPONS,1
MA,WORCESTER,1,72.1,2009,3/23/09,WEAPONS,1
MA,NORFOLK,15,5325,2010,10/7/10,FIRE CONTROL EQPT.,1
MA,NORFOLK,2,656,2010,8/19/10,FIRE CONTROL EQPT.,1
MA,MIDDLESEX,1,499,2010,12/30/10,WEAPONS,1
MA,MIDDLESEX,1,499,2010,12/30/10,WEAPONS,1
MA,MIDDLESEX,1,499,2010,12/30/10,WEAPONS,1
MA,MIDDLESEX,1,499,2010,12/30/10,WEAPONS,1
MA,MIDDLESEX,1,499,2010,12/30/10,WEAPONS,1
MA,MIDDLESEX,1,499,2010,12/30/10,WEAPONS,1
MA,MIDDLESEX,1,499,2010,12/30/10,WEAPONS,1
MA,MIDDLESEX,1,499,2010,12/30/10,WEAPONS,1
MA,MIDDLESEX,1,499,2010,12/30/10,WEAPONS,1
MA,MIDDLESEX,1,499,2010,12/30/10,WEAPONS,1
MA,MIDDLESEX,1,499,2010,12/30/10,WEAPONS,1
MA,MIDDLESEX,1,499,2010,12/30/10,WEAPONS,1
MA,MIDDLESEX,1,499,2010,12/30/10,WEAPONS,1
MA,MIDDLESEX,1,499,2010,12/30/10,WEAPONS,1
MA,MIDDLESEX,1,499,2010,12/30/10,WEAPONS,1
MA,MIDDLESEX,1,499,2010,12/30/10,WEAPONS,1
MA,MIDDLESEX,1,499,2010,12/30/10,WEAPONS,1
MA,MIDDLESEX,1,499,2010,12/30/10,WEAPONS,1
MA,MIDDLESEX,1,499,2010,12/30/10,WEAPONS,1
MA,MIDDLESEX,1,499,2010,12/30/10,WEAPONS,1
MA,MIDDLESEX,1,499,2010,12/30/10,WEAPONS,1
MA,MIDDLESEX,1,499,2010,12/30/10,WEAPONS,1
MA,MIDDLESEX,1,499,2010,12/30/10,WEAPONS,1
MA,MIDDLESEX,1,499,2010,12/30/10,WEAPONS,1
MA,MIDDLESEX,1,499,2010,12/30/10,WEAPONS,1
MA,SUFFOLK,12,300,2010,9/8/10,WEAPONS,1
MA,BERKSHIRE,1,120,2010,11/2/10,WEAPONS,1
MA,BERKSHIRE,1,120,2010,11/2/10,WEAPONS,1
MA,BERKSHIRE,1,120,2010,11/2/10,WEAPONS,1
MA,BERKSHIRE,1,120,2010,11/2/10,WEAPONS,1
MA,BERKSHIRE,1,120,2010,12/30/10,WEAPONS,1
MA,BERKSHIRE,1,120,2010,12/30/10,WEAPONS,1
MA,BERKSHIRE,1,120,2010,12/30/10,WEAPONS,1
MA,PLYMOUTH,2,55010,2011,12/31/11,FIRE CONTROL EQPT.,1
MA,BRISTOL,1,25000,2011,5/29/11,TRAINING AIDS AND DEVICES,1
MA,SUFFOLK,1,12809,2011,8/16/11,FIRE CONTROL EQPT.,1
MA,ESSEX,30,9840,2011,6/29/11,FIRE CONTROL EQPT.,1
MA,BRISTOL,15,7949.7,2011,11/5/11,FIRE CONTROL EQPT.,1
MA,MIDDLESEX,6,5538,2011,5/8/11,FIRE CONTROL EQPT.,1
MA,SUFFOLK,20,2044.2,2011,10/7/11,FIRE CONTROL EQPT.,1
MA,BRISTOL,20,1515.2,2011,9/24/11,WEAPONS,1
MA,BRISTOL,20,1444.8,2011,11/5/11,WEAPONS,1
MA,ESSEX,10,1240,2011,12/18/11,WEAPONS,1
MA,BRISTOL,3,1065,2011,5/14/11,FIRE CONTROL EQPT.,1
MA,BRISTOL,3,1026,2011,12/24/11,FIRE CONTROL EQPT.,1
MA,SUFFOLK,3,984,2011,7/20/11,FIRE CONTROL EQPT.,1
MA,BRISTOL,10,962.3,2011,11/5/11,WEAPONS,1
MA,BRISTOL,100,931,2011,12/31/11,WEAPONS,1
MA,BRISTOL,100,931,2011,12/31/11,WEAPONS,1
MA,ESSEX,100,931,2011,12/31/11,WEAPONS,1
MA,NORFOLK,2,656,2011,11/8/11,FIRE CONTROL EQPT.,1
MA,ESSEX,10,566.2,2011,6/22/11,WEAPONS,1
MA,BRISTOL,2,556.1,2011,8/13/11,FIRE CONTROL EQPT.,1
MA,BRISTOL,1,499,2011,1/5/11,WEAPONS,1
MA,BRISTOL,1,499,2011,1/5/11,WEAPONS,1
MA,BRISTOL,1,499,2011,1/5/11,WEAPONS,1
MA,BRISTOL,1,499,2011,1/5/11,WEAPONS,1
MA,BRISTOL,1,499,2011,1/5/11,WEAPONS,1
MA,BRISTOL,1,499,2011,1/5/11,WEAPONS,1
MA,BRISTOL,1,499,2011,6/7/11,WEAPONS,1
MA,BRISTOL,1,499,2011,6/7/11,WEAPONS,1
MA,BRISTOL,1,499,2011,6/7/11,WEAPONS,1
MA,BRISTOL,1,499,2011,6/7/11,WEAPONS,1
MA,BRISTOL,1,499,2011,6/7/11,WEAPONS,1
MA,BRISTOL,1,499,2011,6/7/11,WEAPONS,1
MA,BRISTOL,1,499,2011,6/7/11,WEAPONS,1
MA,BRISTOL,1,499,2011,6/7/11,WEAPONS,1
MA,BRISTOL,1,499,2011,6/7/11,WEAPONS,1
MA,BRISTOL,1,499,2011,6/7/11,WEAPONS,1
MA,BRISTOL,1,499,2011,6/7/11,WEAPONS,1
MA,BRISTOL,1,499,2011,6/7/11,WEAPONS,1
MA,BRISTOL,1,499,2011,6/7/11,WEAPONS,1
MA,BRISTOL,1,499,2011,6/7/11,WEAPONS,1
MA,BRISTOL,1,499,2011,6/7/11,WEAPONS,1
MA,BRISTOL,1,499,2011,6/7/11,WEAPONS,1
MA,BRISTOL,1,499,2011,6/7/11,WEAPONS,1
MA,BRISTOL,1,499,2011,6/7/11,WEAPONS,1
MA,BRISTOL,1,499,2011,6/7/11,WEAPONS,1
MA,BRISTOL,1,499,2011,6/7/11,WEAPONS,1
MA,BRISTOL,1,499,2011,6/7/11,WEAPONS,1
MA,BRISTOL,1,499,2011,6/7/11,WEAPONS,1
MA,BRISTOL,1,499,2011,6/7/11,WEAPONS,1
MA,BRISTOL,1,499,2011,6/7/11,WEAPONS,1
MA,BRISTOL,1,499,2011,6/7/11,WEAPONS,1
MA,BRISTOL,1,499,2011,6/7/11,WEAPONS,1
MA,BRISTOL,1,499,2011,6/7/11,WEAPONS,1
MA,BRISTOL,1,499,2011,6/7/11,WEAPONS,1
MA,BRISTOL,1,499,2011,6/7/11,WEAPONS,1
MA,BRISTOL,1,499,2011,6/7/11,WEAPONS,1
MA,BRISTOL,1,499,2011,6/7/11,WEAPONS,1
MA,BRISTOL,1,499,2011,6/7/11,WEAPONS,1
MA,BRISTOL,1,499,2011,6/7/11,WEAPONS,1
MA,BRISTOL,1,499,2011,6/7/11,WEAPONS,1
MA,BRISTOL,1,499,2011,6/7/11,WEAPONS,1
MA,BRISTOL,1,499,2011,6/7/11,WEAPONS,1
MA,BRISTOL,1,499,2011,6/7/11,WEAPONS,1
MA,BRISTOL,1,499,2011,6/7/11,WEAPONS,1
MA,BRISTOL,1,499,2011,6/7/11,WEAPONS,1
MA,BRISTOL,1,499,2011,6/7/11,WEAPONS,1
MA,BRISTOL,1,499,2011,6/7/11,WEAPONS,1
MA,BRISTOL,1,499,2011,6/7/11,WEAPONS,1
MA,BRISTOL,1,499,2011,6/7/11,WEAPONS,1
MA,BRISTOL,1,499,2011,6/7/11,WEAPONS,1
MA,BRISTOL,1,499,2011,6/7/11,WEAPONS,1
MA,BRISTOL,1,499,2011,6/7/11,WEAPONS,1
MA,BRISTOL,1,499,2011,6/7/11,WEAPONS,1
MA,BRISTOL,1,499,2011,6/7/11,WEAPONS,1
MA,BRISTOL,1,499,2011,6/7/11,WEAPONS,1
MA,BRISTOL,1,499,2011,6/7/11,WEAPONS,1
MA,SUFFOLK,4,408.84,2011,9/27/11,FIRE CONTROL EQPT.,1
MA,BRISTOL,3,404.55,2011,5/28/11,WEAPONS,1
MA,BRISTOL,1,340,2011,10/3/11,FIRE CONTROL EQPT.,1
MA,BRISTOL,8,333.36,2011,11/9/11,WEAPONS,1
MA,ESSEX,1,328,2011,11/16/11,FIRE CONTROL EQPT.,1
MA,ESSEX,1,328,2011,11/16/11,FIRE CONTROL EQPT.,1
MA,PLYMOUTH,1,328,2011,11/10/11,FIRE CONTROL EQPT.,1
MA,SUFFOLK,1,138,2011,1/5/11,WEAPONS,1
MA,SUFFOLK,1,138,2011,1/5/11,WEAPONS,1
MA,SUFFOLK,1,138,2011,1/5/11,WEAPONS,1
MA,SUFFOLK,1,138,2011,1/5/11,WEAPONS,1
MA,SUFFOLK,1,138,2011,1/5/11,WEAPONS,1
MA,SUFFOLK,1,138,2011,1/5/11,WEAPONS,1
MA,SUFFOLK,1,138,2011,1/5/11,WEAPONS,1
MA,SUFFOLK,1,138,2011,1/5/11,WEAPONS,1
MA,SUFFOLK,1,138,2011,1/5/11,WEAPONS,1
MA,SUFFOLK,1,138,2011,1/5/11,WEAPONS,1
MA,SUFFOLK,1,138,2011,1/5/11,WEAPONS,1
MA,SUFFOLK,1,138,2011,1/5/11,WEAPONS,1
MA,SUFFOLK,1,138,2011,1/5/11,WEAPONS,1
MA,SUFFOLK,1,138,2011,1/5/11,WEAPONS,1
MA,SUFFOLK,1,138,2011,1/5/11,WEAPONS,1
MA,SUFFOLK,1,138,2011,1/5/11,WEAPONS,1
MA,BRISTOL,30,22.2,2011,11/5/11,WEAPONS,1
MA,BRISTOL,7,19.11,2011,11/9/11,WEAPONS,1
MA,BRISTOL,40,15.2,2011,11/5/11,WEAPONS,1
MA,BRISTOL,20,10.4,2011,11/9/11,WEAPONS,1
MA,MIDDLESEX,10,15176.7,2012,10/26/12,TRAINING AIDS AND DEVICES,1
MA,ESSEX,40,13120,2012,3/14/12,FIRE CONTROL EQPT.,1
MA,ESSEX,30,9840,2012,3/14/12,FIRE CONTROL EQPT.,1
MA,BRISTOL,60,4496.4,2012,2/8/12,WEAPONS,1
MA,MIDDLESEX,14,4356.94,2012,10/26/12,WEAPONS,1
MA,BRISTOL,10,3280,2012,1/11/12,FIRE CONTROL EQPT.,1
MA,BRISTOL,10,3280,2012,1/12/12,FIRE CONTROL EQPT.,1
MA,BRISTOL,10,3280,2012,1/12/12,FIRE CONTROL EQPT.,1
MA,WORCESTER,10,3280,2012,8/22/12,FIRE CONTROL EQPT.,1
MA,MIDDLESEX,30,3030,2012,10/29/12,WEAPONS,1
MA,PLYMOUTH,7,2296,2012,2/1/12,FIRE CONTROL EQPT.,1
MA,ESSEX,6,1968,2012,4/5/12,FIRE CONTROL EQPT.,1
MA,ESSEX,6,1968,2012,4/6/12,FIRE CONTROL EQPT.,1
MA,NORFOLK,6,1968,2012,2/7/12,FIRE CONTROL EQPT.,1
MA,NORFOLK,6,1968,2012,6/13/12,FIRE CONTROL EQPT.,1
MA,MIDDLESEX,200,1590,2012,3/7/12,WEAPONS,1
MA,ESSEX,20,1498.8,2012,2/1/12,WEAPONS,1
MA,WORCESTER,4,1312,2012,7/24/12,FIRE CONTROL EQPT.,1
MA,ESSEX,20,1275,2012,2/1/12,WEAPONS,1
MA,ESSEX,100,931,2012,1/4/12,WEAPONS,1
MA,WORCESTER,2,656,2012,3/13/12,FIRE CONTROL EQPT.,1
MA,BRISTOL,10,637.5,2012,2/8/12,WEAPONS,1
MA,MIDDLESEX,30,591.3,2012,10/27/12,WEAPONS,1
MA,ESSEX,20,513.8,2012,1/31/12,WEAPONS,1
MA,BRISTOL,1,499,2012,5/21/12,WEAPONS,1
MA,BRISTOL,1,499,2012,5/21/12,WEAPONS,1
MA,BRISTOL,1,499,2012,5/21/12,WEAPONS,1
MA,BRISTOL,1,499,2012,5/21/12,WEAPONS,1
MA,BRISTOL,1,499,2012,5/23/12,WEAPONS,1
MA,BRISTOL,1,499,2012,5/23/12,WEAPONS,1
MA,BRISTOL,1,499,2012,5/23/12,WEAPONS,1
MA,BRISTOL,1,499,2012,5/23/12,WEAPONS,1
MA,BRISTOL,1,499,2012,5/23/12,WEAPONS,1
MA,BRISTOL,1,499,2012,5/23/12,WEAPONS,1
MA,ESSEX,1,499,2012,6/7/12,WEAPONS,1
MA,ESSEX,1,499,2012,6/7/12,WEAPONS,1
MA,ESSEX,1,499,2012,6/7/12,WEAPONS,1
MA,ESSEX,1,499,2012,10/25/12,WEAPONS,1
MA,ESSEX,1,499,2012,10/25/12,WEAPONS,1
MA,ESSEX,1,499,2012,10/25/12,WEAPONS,1
MA,ESSEX,1,499,2012,10/25/12,WEAPONS,1
MA,ESSEX,1,499,2012,10/25/12,WEAPONS,1
MA,ESSEX,1,499,2012,10/25/12,WEAPONS,1
MA,ESSEX,1,499,2012,10/25/12,WEAPONS,1
MA,ESSEX,1,499,2012,10/25/12,WEAPONS,1
MA,ESSEX,1,499,2012,10/25/12,WEAPONS,1
MA,ESSEX,1,499,2012,10/25/12,WEAPONS,1
MA,ESSEX,1,499,2012,10/25/12,WEAPONS,1
MA,ESSEX,1,499,2012,10/25/12,WEAPONS,1
MA,ESSEX,1,499,2012,10/25/12,WEAPONS,1
MA,ESSEX,1,499,2012,10/25/12,WEAPONS,1
MA,ESSEX,1,499,2012,10/25/12,WEAPONS,1
MA,MIDDLESEX,1,499,2012,6/7/12,WEAPONS,1
MA,MIDDLESEX,1,499,2012,6/7/12,WEAPONS,1
MA,MIDDLESEX,1,499,2012,6/7/12,WEAPONS,1
MA,NORFOLK,1,499,2012,5/21/12,WEAPONS,1
MA,NORFOLK,1,499,2012,5/21/12,WEAPONS,1
MA,NORFOLK,1,499,2012,5/21/12,WEAPONS,1
MA,NORFOLK,1,499,2012,5/21/12,WEAPONS,1
MA,NORFOLK,1,499,2012,5/21/12,WEAPONS,1
MA,NORFOLK,1,499,2012,5/21/12,WEAPONS,1
MA,NORFOLK,1,499,2012,5/21/12,WEAPONS,1
MA,NORFOLK,1,499,2012,5/21/12,WEAPONS,1
MA,WORCESTER,1,499,2012,2/11/12,WEAPONS,1
MA,WORCESTER,1,499,2012,2/11/12,WEAPONS,1
MA,WORCESTER,1,499,2012,2/11/12,WEAPONS,1
MA,WORCESTER,1,499,2012,2/11/12,WEAPONS,1
MA,WORCESTER,1,499,2012,2/11/12,WEAPONS,1
MA,WORCESTER,1,499,2012,2/11/12,WEAPONS,1
MA,WORCESTER,1,499,2012,2/11/12,WEAPONS,1
MA,WORCESTER,1,499,2012,2/11/12,WEAPONS,1
MA,WORCESTER,1,499,2012,2/11/12,WEAPONS,1
MA,WORCESTER,1,499,2012,2/11/12,WEAPONS,1
MA,WORCESTER,1,499,2012,2/11/12,WEAPONS,1
MA,WORCESTER,1,499,2012,2/11/12,WEAPONS,1
MA,WORCESTER,1,499,2012,2/11/12,WEAPONS,1
MA,WORCESTER,1,499,2012,2/11/12,WEAPONS,1
MA,WORCESTER,1,499,2012,2/11/12,WEAPONS,1
MA,MIDDLESEX,10,433.5,2012,10/29/12,WEAPONS,1
MA,ESSEX,1,328,2012,1/4/12,FIRE CONTROL EQPT.,1
MA,ESSEX,1,328,2012,1/4/12,FIRE CONTROL EQPT.,1
MA,ESSEX,1,328,2012,1/4/12,FIRE CONTROL EQPT.,1
MA,ESSEX,1,328,2012,1/4/12,FIRE CONTROL EQPT.,1
MA,ESSEX,1,328,2012,1/4/12,FIRE CONTROL EQPT.,1
MA,ESSEX,1,328,2012,1/4/12,FIRE CONTROL EQPT.,1
MA,MIDDLESEX,1,328,2012,11/20/12,FIRE CONTROL EQPT.,1
MA,MIDDLESEX,1,328,2012,11/20/12,FIRE CONTROL EQPT.,1
MA,MIDDLESEX,1,328,2012,11/20/12,FIRE CONTROL EQPT.,1
MA,MIDDLESEX,1,328,2012,11/20/12,FIRE CONTROL EQPT.,1
MA,MIDDLESEX,1,328,2012,11/20/12,FIRE CONTROL EQPT.,1
MA,MIDDLESEX,1,328,2012,11/20/12,FIRE CONTROL EQPT.,1
MA,MIDDLESEX,1,328,2012,11/20/12,FIRE CONTROL EQPT.,1
MA,MIDDLESEX,1,328,2012,11/20/12,FIRE CONTROL EQPT.,1
MA,MIDDLESEX,1,328,2012,11/20/12,FIRE CONTROL EQPT.,1
MA,MIDDLESEX,1,328,2012,11/20/12,FIRE CONTROL EQPT.,1
MA,MIDDLESEX,1,328,2012,11/20/12,FIRE CONTROL EQPT.,1
MA,MIDDLESEX,1,328,2012,11/20/12,FIRE CONTROL EQPT.,1
MA,MIDDLESEX,1,328,2012,11/20/12,FIRE CONTROL EQPT.,1
MA,MIDDLESEX,1,328,2012,11/20/12,FIRE CONTROL EQPT.,1
MA,MIDDLESEX,1,328,2012,11/20/12,FIRE CONTROL EQPT.,1
MA,MIDDLESEX,1,328,2012,11/20/12,FIRE CONTROL EQPT.,1
MA,MIDDLESEX,1,328,2012,11/20/12,FIRE CONTROL EQPT.,1
MA,MIDDLESEX,1,328,2012,11/20/12,FIRE CONTROL EQPT.,1
MA,MIDDLESEX,1,328,2012,11/20/12,FIRE CONTROL EQPT.,1
MA,MIDDLESEX,1,328,2012,11/20/12,FIRE CONTROL EQPT.,1
MA,MIDDLESEX,1,328,2012,11/20/12,FIRE CONTROL EQPT.,1
MA,MIDDLESEX,1,328,2012,11/20/12,FIRE CONTROL EQPT.,1
MA,MIDDLESEX,1,328,2012,11/20/12,FIRE CONTROL EQPT.,1
MA,MIDDLESEX,1,328,2012,11/20/12,FIRE CONTROL EQPT.,1
MA,MIDDLESEX,1,328,2012,11/20/12,FIRE CONTROL EQPT.,1
MA,MIDDLESEX,1,328,2012,11/20/12,FIRE CONTROL EQPT.,1
MA,MIDDLESEX,1,328,2012,11/20/12,FIRE CONTROL EQPT.,1
MA,MIDDLESEX,1,328,2012,11/20/12,FIRE CONTROL EQPT.,1
MA,MIDDLESEX,1,328,2012,11/20/12,FIRE CONTROL EQPT.,1
MA,MIDDLESEX,1,328,2012,11/20/12,FIRE CONTROL EQPT.,1
MA,MIDDLESEX,1,328,2012,11/20/12,FIRE CONTROL EQPT.,1
MA,MIDDLESEX,1,328,2012,11/20/12,FIRE CONTROL EQPT.,1
MA,MIDDLESEX,1,328,2012,11/20/12,FIRE CONTROL EQPT.,1
MA,MIDDLESEX,1,328,2012,11/20/12,FIRE CONTROL EQPT.,1
MA,MIDDLESEX,1,328,2012,11/20/12,FIRE CONTROL EQPT.,1
MA,MIDDLESEX,1,328,2012,11/20/12,FIRE CONTROL EQPT.,1
MA,MIDDLESEX,1,328,2012,11/20/12,FIRE CONTROL EQPT.,1
MA,MIDDLESEX,1,328,2012,11/20/12,FIRE CONTROL EQPT.,1
MA,MIDDLESEX,1,328,2012,11/20/12,FIRE CONTROL EQPT.,1
MA,MIDDLESEX,1,328,2012,11/20/12,FIRE CONTROL EQPT.,1
MA,MIDDLESEX,1,328,2012,11/20/12,FIRE CONTROL EQPT.,1
MA,MIDDLESEX,1,328,2012,11/20/12,FIRE CONTROL EQPT.,1
MA,MIDDLESEX,1,328,2012,11/20/12,FIRE CONTROL EQPT.,1
MA,MIDDLESEX,1,328,2012,11/20/12,FIRE CONTROL EQPT.,1
MA,MIDDLESEX,1,328,2012,11/20/12,FIRE CONTROL EQPT.,1
MA,MIDDLESEX,1,328,2012,11/20/12,FIRE CONTROL EQPT.,1
MA,MIDDLESEX,1,328,2012,11/20/12,FIRE CONTROL EQPT.,1
MA,MIDDLESEX,1,328,2012,11/20/12,FIRE CONTROL EQPT.,1
MA,MIDDLESEX,1,328,2012,11/20/12,FIRE CONTROL EQPT.,1
MA,MIDDLESEX,1,328,2012,11/20/12,FIRE CONTROL EQPT.,1
MA,MIDDLESEX,1,328,2012,11/20/12,FIRE CONTROL EQPT.,1
MA,MIDDLESEX,1,328,2012,11/20/12,FIRE CONTROL EQPT.,1
MA,MIDDLESEX,1,328,2012,11/20/12,FIRE CONTROL EQPT.,1
MA,WORCESTER,1,278.05,2012,7/22/12,FIRE CONTROL EQPT.,1
MA,PLYMOUTH,10,265.4,2012,12/21/12,WEAPONS,1
MA,BRISTOL,1,138,2012,4/23/12,WEAPONS,1
MA,BRISTOL,1,138,2012,4/23/12,WEAPONS,1
MA,BRISTOL,1,138,2012,4/23/12,WEAPONS,1
MA,BRISTOL,1,138,2012,4/23/12,WEAPONS,1
MA,BRISTOL,1,138,2012,4/23/12,WEAPONS,1
MA,BRISTOL,1,138,2012,4/23/12,WEAPONS,1
MA,BRISTOL,1,138,2012,4/23/12,WEAPONS,1
MA,BRISTOL,1,138,2012,4/23/12,WEAPONS,1
MA,MIDDLESEX,1,138,2012,6/7/12,WEAPONS,1
MA,MIDDLESEX,1,138,2012,6/7/12,WEAPONS,1
MA,MIDDLESEX,1,138,2012,6/7/12,WEAPONS,1
MA,MIDDLESEX,1,138,2012,6/7/12,WEAPONS,1
MA,MIDDLESEX,1,138,2012,6/7/12,WEAPONS,1
MA,MIDDLESEX,1,138,2012,6/7/12,WEAPONS,1
MA,NORFOLK,1,138,2012,4/20/12,WEAPONS,1
MA,NORFOLK,1,138,2012,4/20/12,WEAPONS,1
MA,NORFOLK,1,138,2012,4/23/12,WEAPONS,1
MA,NORFOLK,1,138,2012,4/23/12,WEAPONS,1
MA,NORFOLK,1,138,2012,4/23/12,WEAPONS,1
MA,NORFOLK,1,138,2012,4/23/12,WEAPONS,1
MA,NORFOLK,1,138,2012,4/23/12,WEAPONS,1
MA,NORFOLK,1,138,2012,5/21/12,WEAPONS,1
MA,NORFOLK,1,138,2012,5/21/12,WEAPONS,1
MA,NORFOLK,1,138,2012,5/21/12,WEAPONS,1
MA,NORFOLK,1,138,2012,5/21/12,WEAPONS,1
MA,NORFOLK,1,138,2012,5/21/12,WEAPONS,1
MA,NORFOLK,1,138,2012,5/21/12,WEAPONS,1
MA,WORCESTER,1,138,2012,2/11/12,WEAPONS,1
MA,WORCESTER,1,138,2012,2/11/12,WEAPONS,1
MA,WORCESTER,1,138,2012,2/11/12,WEAPONS,1
MA,WORCESTER,1,138,2012,2/11/12,WEAPONS,1
MA,ESSEX,1,120,2012,1/19/12,WEAPONS,1
MA,ESSEX,1,120,2012,1/19/12,WEAPONS,1
MA,ESSEX,1,120,2012,1/19/12,WEAPONS,1
MA,ESSEX,1,120,2012,1/19/12,WEAPONS,1
MA,HAMPSHIRE,1,120,2012,4/19/12,WEAPONS,1
MA,HAMPSHIRE,1,120,2012,4/19/12,WEAPONS,1
MA,HAMPSHIRE,1,120,2012,4/19/12,WEAPONS,1
MA,HAMPSHIRE,1,120,2012,4/19/12,WEAPONS,1
MA,HAMPSHIRE,1,120,2012,4/19/12,WEAPONS,1
MA,MIDDLESEX,1,120,2012,4/12/12,WEAPONS,1
MA,MIDDLESEX,1,120,2012,4/12/12,WEAPONS,1
MA,MIDDLESEX,1,120,2012,4/12/12,WEAPONS,1
MA,MIDDLESEX,1,120,2012,4/12/12,WEAPONS,1
MA,MIDDLESEX,1,120,2012,4/12/12,WEAPONS,1
MA,MIDDLESEX,1,120,2012,4/12/12,WEAPONS,1
MA,MIDDLESEX,1,120,2012,4/12/12,WEAPONS,1
MA,MIDDLESEX,1,120,2012,4/12/12,WEAPONS,1
MA,MIDDLESEX,1,120,2012,4/12/12,WEAPONS,1
MA,MIDDLESEX,1,120,2012,4/12/12,WEAPONS,1
MA,MIDDLESEX,1,120,2012,4/12/12,WEAPONS,1
MA,MIDDLESEX,1,120,2012,4/12/12,WEAPONS,1
MA,MIDDLESEX,1,120,2012,4/12/12,WEAPONS,1
MA,MIDDLESEX,1,120,2012,4/12/12,WEAPONS,1
MA,MIDDLESEX,1,120,2012,4/12/12,WEAPONS,1
MA,MIDDLESEX,1,120,2012,4/12/12,WEAPONS,1
MA,MIDDLESEX,1,120,2012,4/12/12,WEAPONS,1
MA,MIDDLESEX,1,120,2012,4/12/12,WEAPONS,1
MA,MIDDLESEX,1,120,2012,4/12/12,WEAPONS,1
MA,MIDDLESEX,1,120,2012,4/12/12,WEAPONS,1
MA,MIDDLESEX,1,120,2012,4/12/12,WEAPONS,1
MA,MIDDLESEX,1,120,2012,4/12/12,WEAPONS,1
MA,MIDDLESEX,1,120,2012,4/12/12,WEAPONS,1
MA,MIDDLESEX,1,120,2012,4/20/12,WEAPONS,1
MA,MIDDLESEX,1,120,2012,4/20/12,WEAPONS,1
MA,MIDDLESEX,1,120,2012,4/20/12,WEAPONS,1
MA,MIDDLESEX,1,120,2012,4/20/12,WEAPONS,1
MA,MIDDLESEX,1,120,2012,4/20/12,WEAPONS,1
MA,MIDDLESEX,1,120,2012,4/20/12,WEAPONS,1
MA,MIDDLESEX,1,120,2012,4/20/12,WEAPONS,1
MA,MIDDLESEX,1,120,2012,4/20/12,WEAPONS,1
MA,MIDDLESEX,1,120,2012,4/20/12,WEAPONS,1
MA,MIDDLESEX,1,120,2012,4/20/12,WEAPONS,1
MA,MIDDLESEX,1,120,2012,4/20/12,WEAPONS,1
MA,MIDDLESEX,1,120,2012,4/20/12,WEAPONS,1
MA,MIDDLESEX,1,120,2012,4/20/12,WEAPONS,1
MA,MIDDLESEX,1,120,2012,4/20/12,WEAPONS,1
MA,MIDDLESEX,1,120,2012,4/20/12,WEAPONS,1
MA,MIDDLESEX,1,120,2012,4/20/12,WEAPONS,1
MA,MIDDLESEX,1,120,2012,4/20/12,WEAPONS,1
MA,NORFOLK,1,120,2012,4/20/12,WEAPONS,1
MA,NORFOLK,1,120,2012,4/20/12,WEAPONS,1
MA,NORFOLK,1,120,2012,4/20/12,WEAPONS,1
MA,NORFOLK,1,120,2012,4/20/12,WEAPONS,1
MA,NORFOLK,1,120,2012,4/20/12,WEAPONS,1
MA,NORFOLK,1,120,2012,4/20/12,WEAPONS,1
MA,NORFOLK,1,120,2012,4/20/12,WEAPONS,1
MA,NORFOLK,1,120,2012,4/20/12,WEAPONS,1
MA,NORFOLK,1,120,2012,4/20/12,WEAPONS,1
MA,NORFOLK,1,120,2012,4/20/12,WEAPONS,1
MA,WORCESTER,1,120,2012,4/23/12,WEAPONS,1
MA,WORCESTER,1,120,2012,4/23/12,WEAPONS,1
MA,WORCESTER,1,120,2012,4/23/12,WEAPONS,1
MA,WORCESTER,1,120,2012,4/23/12,WEAPONS,1
MA,WORCESTER,1,120,2012,4/23/12,WEAPONS,1
MA,WORCESTER,1,120,2012,4/23/12,WEAPONS,1
MA,WORCESTER,1,120,2012,4/23/12,WEAPONS,1
MA,WORCESTER,1,120,2012,4/23/12,WEAPONS,1
MA,WORCESTER,1,120,2012,4/23/12,WEAPONS,1
MA,WORCESTER,1,120,2012,4/23/12,WEAPONS,1
MA,WORCESTER,1,120,2012,4/23/12,WEAPONS,1
MA,WORCESTER,1,120,2012,4/23/12,WEAPONS,1
MA,WORCESTER,1,120,2012,4/23/12,WEAPONS,1
MA,WORCESTER,1,120,2012,4/23/12,WEAPONS,1
MA,WORCESTER,1,120,2012,4/23/12,WEAPONS,1
MA,WORCESTER,1,120,2012,4/23/12,WEAPONS,1
MA,WORCESTER,1,120,2012,4/23/12,WEAPONS,1
MA,WORCESTER,1,120,2012,4/23/12,WEAPONS,1
MA,WORCESTER,1,120,2012,4/23/12,WEAPONS,1
MA,WORCESTER,1,120,2012,4/23/12,WEAPONS,1
MA,MIDDLESEX,1,103.11,2012,10/26/12,WEAPONS,1
MA,HAMPSHIRE,1,58.71,2012,4/19/12,WEAPONS,1
MA,HAMPSHIRE,1,58.71,2012,4/19/12,WEAPONS,1
MA,HAMPSHIRE,1,58.71,2012,4/19/12,WEAPONS,1
MA,HAMPSHIRE,1,58.71,2012,4/19/12,WEAPONS,1
MA,HAMPSHIRE,1,58.71,2012,4/19/12,WEAPONS,1
MA,MIDDLESEX,1,58.71,2012,1/17/12,WEAPONS,1
MA,MIDDLESEX,1,58.71,2012,1/17/12,WEAPONS,1
MA,MIDDLESEX,1,58.71,2012,1/17/12,WEAPONS,1
MA,MIDDLESEX,1,58.71,2012,1/17/12,WEAPONS,1
MA,MIDDLESEX,1,58.71,2012,1/17/12,WEAPONS,1
MA,MIDDLESEX,1,58.71,2012,1/17/12,WEAPONS,1
MA,MIDDLESEX,1,58.71,2012,1/17/12,WEAPONS,1
MA,MIDDLESEX,1,58.71,2012,1/17/12,WEAPONS,1
MA,MIDDLESEX,1,58.71,2012,1/17/12,WEAPONS,1
MA,MIDDLESEX,1,58.71,2012,1/17/12,WEAPONS,1
MA,MIDDLESEX,1,58.71,2012,1/17/12,WEAPONS,1
MA,MIDDLESEX,1,58.71,2012,1/17/12,WEAPONS,1
MA,MIDDLESEX,1,58.71,2012,1/17/12,WEAPONS,1
MA,MIDDLESEX,1,58.71,2012,1/17/12,WEAPONS,1
MA,MIDDLESEX,1,58.71,2012,1/17/12,WEAPONS,1
MA,MIDDLESEX,1,58.71,2012,1/17/12,WEAPONS,1
MA,MIDDLESEX,1,58.71,2012,1/17/12,WEAPONS,1
MA,MIDDLESEX,1,58.71,2012,1/17/12,WEAPONS,1
MA,MIDDLESEX,1,58.71,2012,1/17/12,WEAPONS,1
MA,MIDDLESEX,1,58.71,2012,1/17/12,WEAPONS,1
MA,MIDDLESEX,1,58.71,2012,1/17/12,WEAPONS,1
MA,MIDDLESEX,1,58.71,2012,1/17/12,WEAPONS,1
MA,MIDDLESEX,1,58.71,2012,1/17/12,WEAPONS,1
MA,MIDDLESEX,1,58.71,2012,1/17/12,WEAPONS,1
MA,MIDDLESEX,1,58.71,2012,1/17/12,WEAPONS,1
MA,NORFOLK,1,58.71,2012,5/21/12,WEAPONS,1
MA,NORFOLK,1,58.71,2012,5/21/12,WEAPONS,1
MA,NORFOLK,1,58.71,2012,5/21/12,WEAPONS,1
MA,NORFOLK,1,58.71,2012,5/21/12,WEAPONS,1
MA,NORFOLK,1,58.71,2012,5/21/12,WEAPONS,1
MA,WORCESTER,1,58.71,2012,2/11/12,WEAPONS,1
MA,WORCESTER,1,58.71,2012,2/11/12,WEAPONS,1
MA,WORCESTER,1,58.71,2012,2/11/12,WEAPONS,1
MA,WORCESTER,1,58.71,2012,2/11/12,WEAPONS,1
MA,WORCESTER,1,58.71,2012,2/11/12,WEAPONS,1
MA,WORCESTER,1,58.71,2012,2/11/12,WEAPONS,1
MA,WORCESTER,1,58.71,2012,2/11/12,WEAPONS,1
MA,WORCESTER,1,58.71,2012,2/11/12,WEAPONS,1
MA,WORCESTER,1,58.71,2012,2/11/12,WEAPONS,1
MA,WORCESTER,1,58.71,2012,2/11/12,WEAPONS,1
MA,WORCESTER,1,58.71,2012,4/23/12,WEAPONS,1
MA,WORCESTER,1,58.71,2012,4/23/12,WEAPONS,1
MA,MIDDLESEX,1,28.84,2012,10/31/12,WEAPONS,1
MA,MIDDLESEX,50,8.5,2012,10/31/12,WEAPONS,1
MA,MIDDLESEX,1,5.36,2012,10/27/12,WEAPONS,1
MA,MIDDLESEX,1,0,2012,4/25/12,FIRE CONTROL EQPT.,1
MA,PLYMOUTH,15,7949.7,2013,2/11/13,FIRE CONTROL EQPT.,1
MA,PLYMOUTH,9,4769.82,2013,6/26/13,FIRE CONTROL EQPT.,1
MA,SUFFOLK,20,1843.2,2013,8/7/13,WEAPONS,1
MA,MIDDLESEX,4,1792.88,2013,11/1/13,WEAPONS,1
MA,PLYMOUTH,25,1415.5,2013,7/23/13,WEAPONS,1
MA,ESSEX,2,1313.74,2013,5/20/13,WEAPONS,1
MA,ESSEX,2,1313.74,2013,5/20/13,WEAPONS,1
MA,ESSEX,100,931,2013,6/25/13,WEAPONS,1
MA,MIDDLESEX,1,857.88,2013,1/29/13,TRAINING AIDS AND DEVICES,1
MA,PLYMOUTH,2,684,2013,11/25/13,WEAPONS,1
MA,PLYMOUTH,11,622.82,2013,3/22/13,WEAPONS,1
MA,WORCESTER,54,538.92,2013,12/17/13,WEAPONS,1
MA,MIDDLESEX,1,499,2013,3/1/13,WEAPONS,1
MA,MIDDLESEX,1,499,2013,3/1/13,WEAPONS,1
MA,MIDDLESEX,1,499,2013,3/1/13,WEAPONS,1
MA,MIDDLESEX,1,499,2013,3/1/13,WEAPONS,1
MA,MIDDLESEX,1,499,2013,3/1/13,WEAPONS,1
MA,MIDDLESEX,1,499,2013,3/1/13,WEAPONS,1
MA,MIDDLESEX,1,499,2013,3/1/13,WEAPONS,1
MA,MIDDLESEX,1,499,2013,3/1/13,WEAPONS,1
MA,MIDDLESEX,1,499,2013,3/1/13,WEAPONS,1
MA,MIDDLESEX,1,499,2013,3/1/13,WEAPONS,1
MA,MIDDLESEX,1,499,2013,3/8/13,WEAPONS,1
MA,MIDDLESEX,1,499,2013,3/8/13,WEAPONS,1
MA,MIDDLESEX,1,499,2013,3/8/13,WEAPONS,1
MA,MIDDLESEX,1,499,2013,3/8/13,WEAPONS,1
MA,MIDDLESEX,1,499,2013,3/8/13,WEAPONS,1
MA,MIDDLESEX,1,499,2013,3/8/13,WEAPONS,1
MA,MIDDLESEX,1,499,2013,3/8/13,WEAPONS,1
MA,MIDDLESEX,1,499,2013,3/8/13,WEAPONS,1
MA,MIDDLESEX,1,499,2013,3/8/13,WEAPONS,1
MA,MIDDLESEX,1,499,2013,3/8/13,WEAPONS,1
MA,MIDDLESEX,1,499,2013,3/8/13,WEAPONS,1
MA,MIDDLESEX,1,499,2013,3/8/13,WEAPONS,1
MA,MIDDLESEX,1,499,2013,3/8/13,WEAPONS,1
MA,MIDDLESEX,1,499,2013,3/8/13,WEAPONS,1
MA,ESSEX,20,148,2013,4/17/13,TRAINING AIDS AND DEVICES,1
MA,PLYMOUTH,5,131.35,2013,2/19/13,WEAPONS,1
MA,WORCESTER,1,120,2013,3/18/13,WEAPONS,1
MA,WORCESTER,1,120,2013,3/18/13,WEAPONS,1
MA,WORCESTER,1,120,2013,3/18/13,WEAPONS,1
MA,WORCESTER,1,120,2013,3/18/13,WEAPONS,1
MA,WORCESTER,1,120,2013,3/18/13,WEAPONS,1
MA,WORCESTER,1,120,2013,3/18/13,WEAPONS,1
MA,WORCESTER,1,120,2013,3/18/13,WEAPONS,1
MA,WORCESTER,1,120,2013,3/18/13,WEAPONS,1
MA,WORCESTER,1,120,2013,3/18/13,WEAPONS,1
MA,WORCESTER,1,120,2013,3/18/13,WEAPONS,1
MA,WORCESTER,1,120,2013,3/18/13,WEAPONS,1
MA,WORCESTER,1,120,2013,3/18/13,WEAPONS,1
MA,WORCESTER,1,120,2013,3/18/13,WEAPONS,1
MA,WORCESTER,1,120,2013,5/15/13,WEAPONS,1
MA,WORCESTER,1,120,2013,5/15/13,WEAPONS,1
MA,WORCESTER,1,120,2013,5/15/13,WEAPONS,1
MA,PLYMOUTH,2,113.24,2013,1/17/13,WEAPONS,1
MA,PLYMOUTH,35,82.6,2013,9/19/13,WEAPONS,1
MA,PLYMOUTH,2,80.28,2013,10/24/13,WEAPONS,1
MA,PLYMOUTH,3,78.81,2013,7/3/13,WEAPONS,1
MA,SUFFOLK,3,59.67,2013,8/25/13,WEAPONS,1
MA,NORFOLK,1,58.71,2013,3/18/13,WEAPONS,1
MA,NORFOLK,1,58.71,2013,3/18/13,WEAPONS,1
MA,SUFFOLK,1,58.71,2013,2/25/13,WEAPONS,1
MA,SUFFOLK,1,58.71,2013,2/25/13,WEAPONS,1
MA,SUFFOLK,1,58.71,2013,2/25/13,WEAPONS,1
MA,SUFFOLK,1,58.71,2013,2/25/13,WEAPONS,1
MA,SUFFOLK,1,58.71,2013,2/25/13,WEAPONS,1
MA,SUFFOLK,1,58.71,2013,2/25/13,WEAPONS,1
MA,SUFFOLK,1,58.71,2013,2/25/13,WEAPONS,1
MA,SUFFOLK,1,58.71,2013,2/25/13,WEAPONS,1
MA,SUFFOLK,1,58.71,2013,2/25/13,WEAPONS,1
MA,SUFFOLK,1,58.71,2013,2/25/13,WEAPONS,1
MA,SUFFOLK,1,58.71,2013,2/25/13,WEAPONS,1
MA,SUFFOLK,1,58.71,2013,2/25/13,WEAPONS,1
MA,SUFFOLK,1,58.71,2013,2/25/13,WEAPONS,1
MA,SUFFOLK,1,58.71,2013,2/25/13,WEAPONS,1
MA,SUFFOLK,1,58.71,2013,2/25/13,WEAPONS,1
MA,SUFFOLK,1,58.71,2013,2/25/13,WEAPONS,1
MA,SUFFOLK,1,58.71,2013,2/25/13,WEAPONS,1
MA,SUFFOLK,1,58.71,2013,2/25/13,WEAPONS,1
MA,SUFFOLK,1,58.71,2013,2/25/13,WEAPONS,1
MA,SUFFOLK,1,58.71,2013,2/25/13,WEAPONS,1
MA,SUFFOLK,1,58.71,2013,2/25/13,WEAPONS,1
MA,SUFFOLK,1,58.71,2013,2/25/13,WEAPONS,1
MA,SUFFOLK,1,58.71,2013,2/25/13,WEAPONS,1
MA,SUFFOLK,1,58.71,2013,2/25/13,WEAPONS,1
MA,SUFFOLK,1,58.71,2013,2/25/13,WEAPONS,1
MA,SUFFOLK,1,58.71,2013,2/25/13,WEAPONS,1
MA,SUFFOLK,1,58.71,2013,2/25/13,WEAPONS,1
MA,SUFFOLK,1,58.71,2013,2/25/13,WEAPONS,1
MA,SUFFOLK,1,58.71,2013,2/25/13,WEAPONS,1
MA,SUFFOLK,1,58.71,2013,2/25/13,WEAPONS,1
MA,PLYMOUTH,1,38.46,2013,1/14/13,WEAPONS,1
MA,PLYMOUTH,15,37.35,2013,1/29/13,WEAPONS,1
MA,PLYMOUTH,10,37.1,2013,2/19/13,WEAPONS,1
MA,PLYMOUTH,1,26.27,2013,1/14/13,WEAPONS,1
MA,PLYMOUTH,32,24.64,2013,1/14/13,WEAPONS,1
MA,PLYMOUTH,22,23.32,2013,2/19/13,WEAPONS,1
MA,PLYMOUTH,20,21.2,2013,2/19/13,WEAPONS,1
MA,PLYMOUTH,5,19.35,2013,2/19/13,WEAPONS,1
MA,PLYMOUTH,1,14.42,2013,1/14/13,WEAPONS,1
MA,PLYMOUTH,20,10.4,2013,2/19/13,WEAPONS,1
MA,PLYMOUTH,24,10.08,2013,1/14/13,WEAPONS,1
MA,PLYMOUTH,5,4.5,2013,10/24/13,WEAPONS,1
MA,MIDDLESEX,98,32144,2014,3/18/14,FIRE CONTROL EQPT.,1
MA,MIDDLESEX,40,13120,2014,3/27/14,FIRE CONTROL EQPT.,1
MA,MIDDLESEX,25,8200,2014,3/26/14,FIRE CONTROL EQPT.,1
MA,WORCESTER,10,3280,2014,2/27/14,FIRE CONTROL EQPT.,1
MA,PLYMOUTH,2,2398,2014,3/10/14,FIRE CONTROL EQPT.,1
MA,NORFOLK,4,2305.2,2014,3/25/14,FIRE CONTROL EQPT.,1
MA,FRANKLIN,5,1640,2014,3/6/14,FIRE CONTROL EQPT.,1
MA,WORCESTER,5,1640,2014,2/21/14,FIRE CONTROL EQPT.,1
MA,NORFOLK,3,984,2014,3/25/14,FIRE CONTROL EQPT.,1
MA,PLYMOUTH,1,820.65,2014,1/15/14,TRAINING AIDS AND DEVICES,1
MA,WORCESTER,6,587.16,2014,1/16/14,WEAPONS,1